{"commandline":"ffuf -w /Users/raphaelpang/code/elise/payloads/temp/41dba0ae-5dc8-450e-8f32-48b8a252080c.txt -u http://localhost:8082/socket.io/?EIO=4\u0026transport=polling\u0026t=PZ6pgWR\u0026sid=q4SU-qg_PGJmJ4mIAAAU\u0026EIO=FUZZ -of json -o /Users/raphaelpang/code/elise/data/results/ffuf/ffuf_1755682438085.json","time":"2025-08-20T17:33:58+08:00","results":[],"config":{"autocalibration":false,"autocalibration_keyword":"FUZZ","autocalibration_perhost":false,"autocalibration_strategies":["basic"],"autocalibration_strings":[],"colors":false,"cmdline":"ffuf -w /Users/raphaelpang/code/elise/payloads/temp/41dba0ae-5dc8-450e-8f32-48b8a252080c.txt -u http://localhost:8082/socket.io/?EIO=4\u0026transport=polling\u0026t=PZ6pgWR\u0026sid=q4SU-qg_PGJmJ4mIAAAU\u0026EIO=FUZZ -of json -o /Users/raphaelpang/code/elise/data/results/ffuf/ffuf_1755682438085.json","configfile":"","postdata":"","debuglog":"","delay":{"value":"0.00"},"dirsearch_compatibility":false,"encoders":[],"extensions":[],"fmode":"or","follow_redirects":false,"headers":{},"ignorebody":false,"ignore_wordlist_comments":false,"inputmode":"clusterbomb","cmd_inputnum":100,"inputproviders":[{"name":"wordlist","keyword":"FUZZ","value":"/Users/raphaelpang/code/elise/payloads/temp/41dba0ae-5dc8-450e-8f32-48b8a252080c.txt","encoders":"","template":""}],"inputshell":"","json":false,"matchers":{"IsCalibrated":false,"Mutex":{},"Matchers":{"status":{"value":"200-299,301,302,307,401,403,405,500"}},"Filters":{},"PerDomainFilters":{}},"mmode":"or","maxtime":0,"maxtime_job":0,"method":"GET","noninteractive":false,"outputdirectory":"","outputfile":"/Users/raphaelpang/code/elise/data/results/ffuf/ffuf_1755682438085.json","outputformat":"json","OutputSkipEmptyFile":false,"proxyurl":"","quiet":false,"rate":0,"raw":false,"recursion":false,"recursion_depth":0,"recursion_strategy":"default","replayproxyurl":"","requestfile":"","requestproto":"https","scraperfile":"","scrapers":"all","sni":"","stop_403":false,"stop_all":false,"stop_errors":false,"threads":40,"timeout":10,"url":"http://localhost:8082/socket.io/?EIO=4\u0026transport=polling\u0026t=PZ6pgWR\u0026sid=q4SU-qg_PGJmJ4mIAAAU\u0026EIO=FUZZ","verbose":false,"wordlists":["/Users/raphaelpang/code/elise/payloads/temp/41dba0ae-5dc8-450e-8f32-48b8a252080c.txt"],"http2":false,"client-cert":"","client-key":""}}