{"commandline":"ffuf -w /Users/raphaelpang/code/elise/payloads/temp/4b6ad3b4-7eae-46ab-a7eb-bf999221d55d.txt -u http://localhost:8082/redirect?to=https://github.com/juice-shop/juice-shop#troubleshooting\u0026to=FUZZ -of json -o /Users/raphaelpang/code/elise/data/results/ffuf/ffuf_1755680450986.json","time":"2025-08-20T17:00:51+08:00","results":[{"input":{"FFUFHASH":"079c51","FUZZ":"' OR 1=1--"},"position":1,"status":302,"length":62,"words":4,"lines":1,"content-type":"text/plain; charset=utf-8","redirectlocation":"https://github.com/juice-shop/juice-shop","scraper":{},"duration":12784167,"resultfile":"","url":"http://localhost:8082/redirect?to=https://github.com/juice-shop/juice-shop#troubleshooting\u0026to=' OR 1=1--","host":"localhost:8082"}],"config":{"autocalibration":false,"autocalibration_keyword":"FUZZ","autocalibration_perhost":false,"autocalibration_strategies":["basic"],"autocalibration_strings":[],"colors":false,"cmdline":"ffuf -w /Users/raphaelpang/code/elise/payloads/temp/4b6ad3b4-7eae-46ab-a7eb-bf999221d55d.txt -u http://localhost:8082/redirect?to=https://github.com/juice-shop/juice-shop#troubleshooting\u0026to=FUZZ -of json -o /Users/raphaelpang/code/elise/data/results/ffuf/ffuf_1755680450986.json","configfile":"","postdata":"","debuglog":"","delay":{"value":"0.00"},"dirsearch_compatibility":false,"encoders":[],"extensions":[],"fmode":"or","follow_redirects":false,"headers":{},"ignorebody":false,"ignore_wordlist_comments":false,"inputmode":"clusterbomb","cmd_inputnum":100,"inputproviders":[{"name":"wordlist","keyword":"FUZZ","value":"/Users/raphaelpang/code/elise/payloads/temp/4b6ad3b4-7eae-46ab-a7eb-bf999221d55d.txt","encoders":"","template":""}],"inputshell":"","json":false,"matchers":{"IsCalibrated":false,"Mutex":{},"Matchers":{"status":{"value":"200-299,301,302,307,401,403,405,500"}},"Filters":{},"PerDomainFilters":{}},"mmode":"or","maxtime":0,"maxtime_job":0,"method":"GET","noninteractive":false,"outputdirectory":"","outputfile":"/Users/raphaelpang/code/elise/data/results/ffuf/ffuf_1755680450986.json","outputformat":"json","OutputSkipEmptyFile":false,"proxyurl":"","quiet":false,"rate":0,"raw":false,"recursion":false,"recursion_depth":0,"recursion_strategy":"default","replayproxyurl":"","requestfile":"","requestproto":"https","scraperfile":"","scrapers":"all","sni":"","stop_403":false,"stop_all":false,"stop_errors":false,"threads":40,"timeout":10,"url":"http://localhost:8082/redirect?to=https://github.com/juice-shop/juice-shop#troubleshooting\u0026to=FUZZ","verbose":false,"wordlists":["/Users/raphaelpang/code/elise/payloads/temp/4b6ad3b4-7eae-46ab-a7eb-bf999221d55d.txt"],"http2":false,"client-cert":"","client-key":""}}