{"commandline":"ffuf -w /Users/raphaelpang/code/elise/payloads/temp/38c37b0e-8dca-48a0-9bff-1e86c77ddd6a.txt -u https://avatars.githubusercontent.com/u/30633088?s=64\u0026v=4\u0026v=FUZZ -of json -o /Users/raphaelpang/code/elise/data/results/ffuf/ffuf_1755682367027.json","time":"2025-08-20T17:32:47+08:00","results":[{"input":{"FFUFHASH":"a58db1","FUZZ":"\"/\u003e\u003cscript\u003ealert(1)\u003c/script\u003e"},"position":1,"status":200,"length":1541,"words":104,"lines":3,"content-type":"image/png","redirectlocation":"","scraper":{},"duration":14000209,"resultfile":"","url":"https://avatars.githubusercontent.com/u/30633088?s=64\u0026v=4\u0026v=\"/\u003e\u003cscript\u003ealert(1)\u003c/script\u003e","host":"avatars.githubusercontent.com"}],"config":{"autocalibration":false,"autocalibration_keyword":"FUZZ","autocalibration_perhost":false,"autocalibration_strategies":["basic"],"autocalibration_strings":[],"colors":false,"cmdline":"ffuf -w /Users/raphaelpang/code/elise/payloads/temp/38c37b0e-8dca-48a0-9bff-1e86c77ddd6a.txt -u https://avatars.githubusercontent.com/u/30633088?s=64\u0026v=4\u0026v=FUZZ -of json -o /Users/raphaelpang/code/elise/data/results/ffuf/ffuf_1755682367027.json","configfile":"","postdata":"","debuglog":"","delay":{"value":"0.00"},"dirsearch_compatibility":false,"encoders":[],"extensions":[],"fmode":"or","follow_redirects":false,"headers":{},"ignorebody":false,"ignore_wordlist_comments":false,"inputmode":"clusterbomb","cmd_inputnum":100,"inputproviders":[{"name":"wordlist","keyword":"FUZZ","value":"/Users/raphaelpang/code/elise/payloads/temp/38c37b0e-8dca-48a0-9bff-1e86c77ddd6a.txt","encoders":"","template":""}],"inputshell":"","json":false,"matchers":{"IsCalibrated":false,"Mutex":{},"Matchers":{"status":{"value":"200-299,301,302,307,401,403,405,500"}},"Filters":{},"PerDomainFilters":{}},"mmode":"or","maxtime":0,"maxtime_job":0,"method":"GET","noninteractive":false,"outputdirectory":"","outputfile":"/Users/raphaelpang/code/elise/data/results/ffuf/ffuf_1755682367027.json","outputformat":"json","OutputSkipEmptyFile":false,"proxyurl":"","quiet":false,"rate":0,"raw":false,"recursion":false,"recursion_depth":0,"recursion_strategy":"default","replayproxyurl":"","requestfile":"","requestproto":"https","scraperfile":"","scrapers":"all","sni":"","stop_403":false,"stop_all":false,"stop_errors":false,"threads":40,"timeout":10,"url":"https://avatars.githubusercontent.com/u/30633088?s=64\u0026v=4\u0026v=FUZZ","verbose":false,"wordlists":["/Users/raphaelpang/code/elise/payloads/temp/38c37b0e-8dca-48a0-9bff-1e86c77ddd6a.txt"],"http2":false,"client-cert":"","client-key":""}}