{"commandline":"ffuf -w /Users/raphaelpang/code/elise/payloads/temp/31dc23d5-15c8-4537-9a70-440ca7182d2b.txt -u https://collector.github.com/github/collect?request_context=FUZZ -of json -o /Users/raphaelpang/code/elise/data/results/ffuf/ffuf_1755682398467.json -X POST -d request_context=FUZZ -H Content-Type: application/x-www-form-urlencoded","time":"2025-08-20T17:33:19+08:00","results":[],"config":{"autocalibration":false,"autocalibration_keyword":"FUZZ","autocalibration_perhost":false,"autocalibration_strategies":["basic"],"autocalibration_strings":[],"colors":false,"cmdline":"ffuf -w /Users/raphaelpang/code/elise/payloads/temp/31dc23d5-15c8-4537-9a70-440ca7182d2b.txt -u https://collector.github.com/github/collect?request_context=FUZZ -of json -o /Users/raphaelpang/code/elise/data/results/ffuf/ffuf_1755682398467.json -X POST -d request_context=FUZZ -H Content-Type: application/x-www-form-urlencoded","configfile":"","postdata":"request_context=FUZZ","debuglog":"","delay":{"value":"0.00"},"dirsearch_compatibility":false,"encoders":[],"extensions":[],"fmode":"or","follow_redirects":false,"headers":{"Content-Type":"application/x-www-form-urlencoded"},"ignorebody":false,"ignore_wordlist_comments":false,"inputmode":"clusterbomb","cmd_inputnum":100,"inputproviders":[{"name":"wordlist","keyword":"FUZZ","value":"/Users/raphaelpang/code/elise/payloads/temp/31dc23d5-15c8-4537-9a70-440ca7182d2b.txt","encoders":"","template":""}],"inputshell":"","json":false,"matchers":{"IsCalibrated":false,"Mutex":{},"Matchers":{"status":{"value":"200-299,301,302,307,401,403,405,500"}},"Filters":{},"PerDomainFilters":{}},"mmode":"or","maxtime":0,"maxtime_job":0,"method":"POST","noninteractive":false,"outputdirectory":"","outputfile":"/Users/raphaelpang/code/elise/data/results/ffuf/ffuf_1755682398467.json","outputformat":"json","OutputSkipEmptyFile":false,"proxyurl":"","quiet":false,"rate":0,"raw":false,"recursion":false,"recursion_depth":0,"recursion_strategy":"default","replayproxyurl":"","requestfile":"","requestproto":"https","scraperfile":"","scrapers":"all","sni":"","stop_403":false,"stop_all":false,"stop_errors":false,"threads":40,"timeout":10,"url":"https://collector.github.com/github/collect?request_context=FUZZ","verbose":false,"wordlists":["/Users/raphaelpang/code/elise/payloads/temp/31dc23d5-15c8-4537-9a70-440ca7182d2b.txt"],"http2":false,"client-cert":"","client-key":""}}