{"commandline":"ffuf -w /Users/raphaelpang/code/elise/payloads/temp/dc6a812b-7e64-4139-b3da-b64c66c5bfea.txt -u http://localhost:8082/socket.io/?EIO=4\u0026transport=polling\u0026t=PZ6ifqX\u0026EIO=FUZZ -of json -o /Users/raphaelpang/code/elise/data/results/ffuf/ffuf_1755680480723.json","time":"2025-08-20T17:01:20+08:00","results":[{"input":{"FFUFHASH":"3ff9d1","FUZZ":"\"/\u003e\u003cscript\u003ealert(1)\u003c/script\u003e"},"position":1,"status":200,"length":96,"words":1,"lines":1,"content-type":"text/plain; charset=UTF-8","redirectlocation":"","scraper":{},"duration":3914208,"resultfile":"","url":"http://localhost:8082/socket.io/?EIO=4\u0026transport=polling\u0026t=PZ6ifqX\u0026EIO=\"/\u003e\u003cscript\u003ealert(1)\u003c/script\u003e","host":"localhost:8082"}],"config":{"autocalibration":false,"autocalibration_keyword":"FUZZ","autocalibration_perhost":false,"autocalibration_strategies":["basic"],"autocalibration_strings":[],"colors":false,"cmdline":"ffuf -w /Users/raphaelpang/code/elise/payloads/temp/dc6a812b-7e64-4139-b3da-b64c66c5bfea.txt -u http://localhost:8082/socket.io/?EIO=4\u0026transport=polling\u0026t=PZ6ifqX\u0026EIO=FUZZ -of json -o /Users/raphaelpang/code/elise/data/results/ffuf/ffuf_1755680480723.json","configfile":"","postdata":"","debuglog":"","delay":{"value":"0.00"},"dirsearch_compatibility":false,"encoders":[],"extensions":[],"fmode":"or","follow_redirects":false,"headers":{},"ignorebody":false,"ignore_wordlist_comments":false,"inputmode":"clusterbomb","cmd_inputnum":100,"inputproviders":[{"name":"wordlist","keyword":"FUZZ","value":"/Users/raphaelpang/code/elise/payloads/temp/dc6a812b-7e64-4139-b3da-b64c66c5bfea.txt","encoders":"","template":""}],"inputshell":"","json":false,"matchers":{"IsCalibrated":false,"Mutex":{},"Matchers":{"status":{"value":"200-299,301,302,307,401,403,405,500"}},"Filters":{},"PerDomainFilters":{}},"mmode":"or","maxtime":0,"maxtime_job":0,"method":"GET","noninteractive":false,"outputdirectory":"","outputfile":"/Users/raphaelpang/code/elise/data/results/ffuf/ffuf_1755680480723.json","outputformat":"json","OutputSkipEmptyFile":false,"proxyurl":"","quiet":false,"rate":0,"raw":false,"recursion":false,"recursion_depth":0,"recursion_strategy":"default","replayproxyurl":"","requestfile":"","requestproto":"https","scraperfile":"","scrapers":"all","sni":"","stop_403":false,"stop_all":false,"stop_errors":false,"threads":40,"timeout":10,"url":"http://localhost:8082/socket.io/?EIO=4\u0026transport=polling\u0026t=PZ6ifqX\u0026EIO=FUZZ","verbose":false,"wordlists":["/Users/raphaelpang/code/elise/payloads/temp/dc6a812b-7e64-4139-b3da-b64c66c5bfea.txt"],"http2":false,"client-cert":"","client-key":""}}