{"commandline":"ffuf -w /Users/raphaelpang/code/elise/payloads/temp/d89efd3a-824a-4d55-9dda-ea270c7c318f.txt -t 25 -mc 200,302,400,401,403,404,500 -timeout 30 -ac -json -o /Users/raphaelpang/code/elise/data/results/ffuf/ffuf_1755715114474.json -u https://avatars.githubusercontent.com/u/135993950?s=64\u0026v=4\u0026s=FUZZ -H referer: https://github.com/juice-shop/juice-shop -H user-agent: Mozilla/5.0 (Macintosh; Intel Mac OS X 10_15_7) AppleWebKit/537.36 (KHTML, like Gecko) HeadlessChrome/138.0.7204.23 Safari/537.36","time":"2025-08-21T02:38:34+08:00","results":[{"input":{"FFUFHASH":"069931","FUZZ":".htaccessAePOHFTW"},"position":1,"status":400,"length":11,"words":2,"lines":1,"content-type":"text/plain; charset=utf-8","redirectlocation":"","scraper":{},"duration":5766583,"resultfile":"","url":"https://avatars.githubusercontent.com/u/135993950?s=64\u0026v=4\u0026s=' OR 1=1--","host":"avatars.githubusercontent.com"}],"config":{"autocalibration":true,"autocalibration_keyword":"FUZZ","autocalibration_perhost":false,"autocalibration_strategies":["basic"],"autocalibration_strings":[],"colors":false,"cmdline":"ffuf -w /Users/raphaelpang/code/elise/payloads/temp/d89efd3a-824a-4d55-9dda-ea270c7c318f.txt -t 25 -mc 200,302,400,401,403,404,500 -timeout 30 -ac -json -o /Users/raphaelpang/code/elise/data/results/ffuf/ffuf_1755715114474.json -u https://avatars.githubusercontent.com/u/135993950?s=64\u0026v=4\u0026s=FUZZ -H referer: https://github.com/juice-shop/juice-shop -H user-agent: Mozilla/5.0 (Macintosh; Intel Mac OS X 10_15_7) AppleWebKit/537.36 (KHTML, like Gecko) HeadlessChrome/138.0.7204.23 Safari/537.36","configfile":"","postdata":"","debuglog":"","delay":{"value":"0.00"},"dirsearch_compatibility":false,"encoders":[],"extensions":[],"fmode":"or","follow_redirects":false,"headers":{"Referer":"https://github.com/juice-shop/juice-shop","User-Agent":"Mozilla/5.0 (Macintosh; Intel Mac OS X 10_15_7) AppleWebKit/537.36 (KHTML, like Gecko) HeadlessChrome/138.0.7204.23 Safari/537.36"},"ignorebody":false,"ignore_wordlist_comments":false,"inputmode":"clusterbomb","cmd_inputnum":100,"inputproviders":[{"name":"wordlist","keyword":"FUZZ","value":"/Users/raphaelpang/code/elise/payloads/temp/d89efd3a-824a-4d55-9dda-ea270c7c318f.txt","encoders":"","template":""}],"inputshell":"","json":true,"matchers":{"IsCalibrated":true,"Mutex":{},"Matchers":{"status":{"value":"200,302,400,401,403,404,500"}},"Filters":{"size":{"value":"7793"}},"PerDomainFilters":{}},"mmode":"or","maxtime":0,"maxtime_job":0,"method":"GET","noninteractive":false,"outputdirectory":"","outputfile":"/Users/raphaelpang/code/elise/data/results/ffuf/ffuf_1755715114474.json","outputformat":"json","OutputSkipEmptyFile":false,"proxyurl":"","quiet":false,"rate":0,"raw":false,"recursion":false,"recursion_depth":0,"recursion_strategy":"default","replayproxyurl":"","requestfile":"","requestproto":"https","scraperfile":"","scrapers":"all","sni":"","stop_403":false,"stop_all":false,"stop_errors":false,"threads":25,"timeout":30,"url":"https://avatars.githubusercontent.com/u/135993950?s=64\u0026v=4\u0026s=FUZZ","verbose":false,"wordlists":["/Users/raphaelpang/code/elise/payloads/temp/d89efd3a-824a-4d55-9dda-ea270c7c318f.txt"],"http2":false,"client-cert":"","client-key":""}}