{"commandline":"ffuf -w /Users/raphaelpang/code/elise/payloads/temp/9f314882-f740-4424-82dd-9c3abd19ac4f.txt -u http://localhost:8082/contact/report-content?content_url=https%3A%2F%2Fgithub.com%2Fjuice-shop%2Fjuice-shop\u0026report=juice-shop+%28user%29\u0026content_url=FUZZ -of json -o /Users/raphaelpang/code/elise/data/results/ffuf/ffuf_1755682352980.json","time":"2025-08-20T17:32:32+08:00","results":[],"config":{"autocalibration":false,"autocalibration_keyword":"FUZZ","autocalibration_perhost":false,"autocalibration_strategies":["basic"],"autocalibration_strings":[],"colors":false,"cmdline":"ffuf -w /Users/raphaelpang/code/elise/payloads/temp/9f314882-f740-4424-82dd-9c3abd19ac4f.txt -u http://localhost:8082/contact/report-content?content_url=https%3A%2F%2Fgithub.com%2Fjuice-shop%2Fjuice-shop\u0026report=juice-shop+%28user%29\u0026content_url=FUZZ -of json -o /Users/raphaelpang/code/elise/data/results/ffuf/ffuf_1755682352980.json","configfile":"","postdata":"","debuglog":"","delay":{"value":"0.00"},"dirsearch_compatibility":false,"encoders":[],"extensions":[],"fmode":"or","follow_redirects":false,"headers":{},"ignorebody":false,"ignore_wordlist_comments":false,"inputmode":"clusterbomb","cmd_inputnum":100,"inputproviders":[{"name":"wordlist","keyword":"FUZZ","value":"/Users/raphaelpang/code/elise/payloads/temp/9f314882-f740-4424-82dd-9c3abd19ac4f.txt","encoders":"","template":""}],"inputshell":"","json":false,"matchers":{"IsCalibrated":false,"Mutex":{},"Matchers":{"status":{"value":"200-299,301,302,307,401,403,405,500"}},"Filters":{},"PerDomainFilters":{}},"mmode":"or","maxtime":0,"maxtime_job":0,"method":"GET","noninteractive":false,"outputdirectory":"","outputfile":"/Users/raphaelpang/code/elise/data/results/ffuf/ffuf_1755682352980.json","outputformat":"json","OutputSkipEmptyFile":false,"proxyurl":"","quiet":false,"rate":0,"raw":false,"recursion":false,"recursion_depth":0,"recursion_strategy":"default","replayproxyurl":"","requestfile":"","requestproto":"https","scraperfile":"","scrapers":"all","sni":"","stop_403":false,"stop_all":false,"stop_errors":false,"threads":40,"timeout":10,"url":"http://localhost:8082/contact/report-content?content_url=https%3A%2F%2Fgithub.com%2Fjuice-shop%2Fjuice-shop\u0026report=juice-shop+%28user%29\u0026content_url=FUZZ","verbose":false,"wordlists":["/Users/raphaelpang/code/elise/payloads/temp/9f314882-f740-4424-82dd-9c3abd19ac4f.txt"],"http2":false,"client-cert":"","client-key":""}}