{"commandline":"ffuf -w /Users/raphaelpang/code/elise/payloads/temp/d95db13b-d472-4b31-9e74-b9ff7eeadb59.txt -t 25 -mc 200,302,400,401,403,404,500 -timeout 30 -ac -json -o /Users/raphaelpang/code/elise/data/results/ffuf/ffuf_1755715164388.json -u http://localhost:8082/contact/report-content?content_url=https%3A%2F%2Fgithub.com%2Fjuice-shop%2Fjuice-shop\u0026report=juice-shop+%28user%29\u0026report=FUZZ -H user-agent: Mozilla/5.0 (Macintosh; Intel Mac OS X 10_15_7) AppleWebKit/537.36 (KHTML, like Gecko) HeadlessChrome/138.0.7204.23 Safari/537.36","time":"2025-08-21T02:39:24+08:00","results":[],"config":{"autocalibration":true,"autocalibration_keyword":"FUZZ","autocalibration_perhost":false,"autocalibration_strategies":["basic"],"autocalibration_strings":[],"colors":false,"cmdline":"ffuf -w /Users/raphaelpang/code/elise/payloads/temp/d95db13b-d472-4b31-9e74-b9ff7eeadb59.txt -t 25 -mc 200,302,400,401,403,404,500 -timeout 30 -ac -json -o /Users/raphaelpang/code/elise/data/results/ffuf/ffuf_1755715164388.json -u http://localhost:8082/contact/report-content?content_url=https%3A%2F%2Fgithub.com%2Fjuice-shop%2Fjuice-shop\u0026report=juice-shop+%28user%29\u0026report=FUZZ -H user-agent: Mozilla/5.0 (Macintosh; Intel Mac OS X 10_15_7) AppleWebKit/537.36 (KHTML, like Gecko) HeadlessChrome/138.0.7204.23 Safari/537.36","configfile":"","postdata":"","debuglog":"","delay":{"value":"0.00"},"dirsearch_compatibility":false,"encoders":[],"extensions":[],"fmode":"or","follow_redirects":false,"headers":{"User-Agent":"Mozilla/5.0 (Macintosh; Intel Mac OS X 10_15_7) AppleWebKit/537.36 (KHTML, like Gecko) HeadlessChrome/138.0.7204.23 Safari/537.36"},"ignorebody":false,"ignore_wordlist_comments":false,"inputmode":"clusterbomb","cmd_inputnum":100,"inputproviders":[{"name":"wordlist","keyword":"FUZZ","value":"/Users/raphaelpang/code/elise/payloads/temp/d95db13b-d472-4b31-9e74-b9ff7eeadb59.txt","encoders":"","template":""}],"inputshell":"","json":true,"matchers":{"IsCalibrated":true,"Mutex":{},"Matchers":{"status":{"value":"200,302,400,401,403,404,500"}},"Filters":{"size":{"value":"80117"}},"PerDomainFilters":{}},"mmode":"or","maxtime":0,"maxtime_job":0,"method":"GET","noninteractive":false,"outputdirectory":"","outputfile":"/Users/raphaelpang/code/elise/data/results/ffuf/ffuf_1755715164388.json","outputformat":"json","OutputSkipEmptyFile":false,"proxyurl":"","quiet":false,"rate":0,"raw":false,"recursion":false,"recursion_depth":0,"recursion_strategy":"default","replayproxyurl":"","requestfile":"","requestproto":"https","scraperfile":"","scrapers":"all","sni":"","stop_403":false,"stop_all":false,"stop_errors":false,"threads":25,"timeout":30,"url":"http://localhost:8082/contact/report-content?content_url=https%3A%2F%2Fgithub.com%2Fjuice-shop%2Fjuice-shop\u0026report=juice-shop+%28user%29\u0026report=FUZZ","verbose":false,"wordlists":["/Users/raphaelpang/code/elise/payloads/temp/d95db13b-d472-4b31-9e74-b9ff7eeadb59.txt"],"http2":false,"client-cert":"","client-key":""}}