{"commandline":"ffuf -w /Users/raphaelpang/code/elise/payloads/temp/7e95df19-8768-4359-8382-682176cb3125.txt -u https://avatars.githubusercontent.com/u/20478531?s=64\u0026v=4\u0026s=FUZZ -of json -o /Users/raphaelpang/code/elise/data/results/ffuf/ffuf_1755680513993.json","time":"2025-08-20T17:01:54+08:00","results":[{"input":{"FFUFHASH":"37e341","FUZZ":"\"/\u003e\u003cscript\u003ealert(1)\u003c/script\u003e"},"position":1,"status":200,"length":2053,"words":16,"lines":14,"content-type":"image/jpeg","redirectlocation":"","scraper":{},"duration":353921250,"resultfile":"","url":"https://avatars.githubusercontent.com/u/20478531?s=64\u0026v=4\u0026s=\"/\u003e\u003cscript\u003ealert(1)\u003c/script\u003e","host":"avatars.githubusercontent.com"}],"config":{"autocalibration":false,"autocalibration_keyword":"FUZZ","autocalibration_perhost":false,"autocalibration_strategies":["basic"],"autocalibration_strings":[],"colors":false,"cmdline":"ffuf -w /Users/raphaelpang/code/elise/payloads/temp/7e95df19-8768-4359-8382-682176cb3125.txt -u https://avatars.githubusercontent.com/u/20478531?s=64\u0026v=4\u0026s=FUZZ -of json -o /Users/raphaelpang/code/elise/data/results/ffuf/ffuf_1755680513993.json","configfile":"","postdata":"","debuglog":"","delay":{"value":"0.00"},"dirsearch_compatibility":false,"encoders":[],"extensions":[],"fmode":"or","follow_redirects":false,"headers":{},"ignorebody":false,"ignore_wordlist_comments":false,"inputmode":"clusterbomb","cmd_inputnum":100,"inputproviders":[{"name":"wordlist","keyword":"FUZZ","value":"/Users/raphaelpang/code/elise/payloads/temp/7e95df19-8768-4359-8382-682176cb3125.txt","encoders":"","template":""}],"inputshell":"","json":false,"matchers":{"IsCalibrated":false,"Mutex":{},"Matchers":{"status":{"value":"200-299,301,302,307,401,403,405,500"}},"Filters":{},"PerDomainFilters":{}},"mmode":"or","maxtime":0,"maxtime_job":0,"method":"GET","noninteractive":false,"outputdirectory":"","outputfile":"/Users/raphaelpang/code/elise/data/results/ffuf/ffuf_1755680513993.json","outputformat":"json","OutputSkipEmptyFile":false,"proxyurl":"","quiet":false,"rate":0,"raw":false,"recursion":false,"recursion_depth":0,"recursion_strategy":"default","replayproxyurl":"","requestfile":"","requestproto":"https","scraperfile":"","scrapers":"all","sni":"","stop_403":false,"stop_all":false,"stop_errors":false,"threads":40,"timeout":10,"url":"https://avatars.githubusercontent.com/u/20478531?s=64\u0026v=4\u0026s=FUZZ","verbose":false,"wordlists":["/Users/raphaelpang/code/elise/payloads/temp/7e95df19-8768-4359-8382-682176cb3125.txt"],"http2":false,"client-cert":"","client-key":""}}