{"commandline":"ffuf -w /Users/raphaelpang/code/elise/payloads/temp/e4d7a466-8ec9-4b5c-9915-3af268cafb2c.txt -u https://github.com/juice-shop/juice-shop/workflows/CI/CD%20Pipeline/badge.svg?branch=master\u0026branch=FUZZ -of json -o /Users/raphaelpang/code/elise/data/results/ffuf/ffuf_1755682363194.json","time":"2025-08-20T17:32:43+08:00","results":[],"config":{"autocalibration":false,"autocalibration_keyword":"FUZZ","autocalibration_perhost":false,"autocalibration_strategies":["basic"],"autocalibration_strings":[],"colors":false,"cmdline":"ffuf -w /Users/raphaelpang/code/elise/payloads/temp/e4d7a466-8ec9-4b5c-9915-3af268cafb2c.txt -u https://github.com/juice-shop/juice-shop/workflows/CI/CD%20Pipeline/badge.svg?branch=master\u0026branch=FUZZ -of json -o /Users/raphaelpang/code/elise/data/results/ffuf/ffuf_1755682363194.json","configfile":"","postdata":"","debuglog":"","delay":{"value":"0.00"},"dirsearch_compatibility":false,"encoders":[],"extensions":[],"fmode":"or","follow_redirects":false,"headers":{},"ignorebody":false,"ignore_wordlist_comments":false,"inputmode":"clusterbomb","cmd_inputnum":100,"inputproviders":[{"name":"wordlist","keyword":"FUZZ","value":"/Users/raphaelpang/code/elise/payloads/temp/e4d7a466-8ec9-4b5c-9915-3af268cafb2c.txt","encoders":"","template":""}],"inputshell":"","json":false,"matchers":{"IsCalibrated":false,"Mutex":{},"Matchers":{"status":{"value":"200-299,301,302,307,401,403,405,500"}},"Filters":{},"PerDomainFilters":{}},"mmode":"or","maxtime":0,"maxtime_job":0,"method":"GET","noninteractive":false,"outputdirectory":"","outputfile":"/Users/raphaelpang/code/elise/data/results/ffuf/ffuf_1755682363194.json","outputformat":"json","OutputSkipEmptyFile":false,"proxyurl":"","quiet":false,"rate":0,"raw":false,"recursion":false,"recursion_depth":0,"recursion_strategy":"default","replayproxyurl":"","requestfile":"","requestproto":"https","scraperfile":"","scrapers":"all","sni":"","stop_403":false,"stop_all":false,"stop_errors":false,"threads":40,"timeout":10,"url":"https://github.com/juice-shop/juice-shop/workflows/CI/CD%20Pipeline/badge.svg?branch=master\u0026branch=FUZZ","verbose":false,"wordlists":["/Users/raphaelpang/code/elise/payloads/temp/e4d7a466-8ec9-4b5c-9915-3af268cafb2c.txt"],"http2":false,"client-cert":"","client-key":""}}