{"commandline":"ffuf -w /Users/raphaelpang/code/elise/payloads/temp/76394917-443a-485d-9445-3c82ec082735.txt -u http://localhost:8082/signup?ref_cta=Sign+up\u0026ref_loc=header+logged+out\u0026ref_page=%2F%3Cuser-name%3E%2F%3Crepo-name%3E\u0026source=header-repo\u0026source_repo=juice-shop%2Fjuice-shop\u0026ref_page=FUZZ -of json -o /Users/raphaelpang/code/elise/data/results/ffuf/ffuf_1755680390437.json","time":"2025-08-20T16:59:50+08:00","results":[],"config":{"autocalibration":false,"autocalibration_keyword":"FUZZ","autocalibration_perhost":false,"autocalibration_strategies":["basic"],"autocalibration_strings":[],"colors":false,"cmdline":"ffuf -w /Users/raphaelpang/code/elise/payloads/temp/76394917-443a-485d-9445-3c82ec082735.txt -u http://localhost:8082/signup?ref_cta=Sign+up\u0026ref_loc=header+logged+out\u0026ref_page=%2F%3Cuser-name%3E%2F%3Crepo-name%3E\u0026source=header-repo\u0026source_repo=juice-shop%2Fjuice-shop\u0026ref_page=FUZZ -of json -o /Users/raphaelpang/code/elise/data/results/ffuf/ffuf_1755680390437.json","configfile":"","postdata":"","debuglog":"","delay":{"value":"0.00"},"dirsearch_compatibility":false,"encoders":[],"extensions":[],"fmode":"or","follow_redirects":false,"headers":{},"ignorebody":false,"ignore_wordlist_comments":false,"inputmode":"clusterbomb","cmd_inputnum":100,"inputproviders":[{"name":"wordlist","keyword":"FUZZ","value":"/Users/raphaelpang/code/elise/payloads/temp/76394917-443a-485d-9445-3c82ec082735.txt","encoders":"","template":""}],"inputshell":"","json":false,"matchers":{"IsCalibrated":false,"Mutex":{},"Matchers":{"status":{"value":"200-299,301,302,307,401,403,405,500"}},"Filters":{},"PerDomainFilters":{}},"mmode":"or","maxtime":0,"maxtime_job":0,"method":"GET","noninteractive":false,"outputdirectory":"","outputfile":"/Users/raphaelpang/code/elise/data/results/ffuf/ffuf_1755680390437.json","outputformat":"json","OutputSkipEmptyFile":false,"proxyurl":"","quiet":false,"rate":0,"raw":false,"recursion":false,"recursion_depth":0,"recursion_strategy":"default","replayproxyurl":"","requestfile":"","requestproto":"https","scraperfile":"","scrapers":"all","sni":"","stop_403":false,"stop_all":false,"stop_errors":false,"threads":40,"timeout":10,"url":"http://localhost:8082/signup?ref_cta=Sign+up\u0026ref_loc=header+logged+out\u0026ref_page=%2F%3Cuser-name%3E%2F%3Crepo-name%3E\u0026source=header-repo\u0026source_repo=juice-shop%2Fjuice-shop\u0026ref_page=FUZZ","verbose":false,"wordlists":["/Users/raphaelpang/code/elise/payloads/temp/76394917-443a-485d-9445-3c82ec082735.txt"],"http2":false,"client-cert":"","client-key":""}}