{"commandline":"ffuf -w /Users/raphaelpang/code/elise/data/results/ffuf/241422ed-5e69-4bc8-8f2a-27912d82750b.txt -t 25 -mc 200,302,400,401,403,404,500 -timeout 30 -ac -json -o /Users/raphaelpang/code/elise/data/results/ffuf/ffuf_1756895719529.json -u http://testfire.net/search.aspx?q=FUZZ","time":"2025-09-03T18:35:22+08:00","results":[{"input":{"FFUFHASH":"6b3651","FUZZ":".htaccessAePOHFTW"},"position":1,"status":400,"length":0,"words":1,"lines":1,"content-type":"","redirectlocation":"","scraper":{},"duration":291105709,"resultfile":"","url":"http://testfire.net/search.aspx?q=\u003cimg src=x onerror=alert(1)\u003e","host":"testfire.net"}],"config":{"autocalibration":true,"autocalibration_keyword":"FUZZ","autocalibration_perhost":false,"autocalibration_strategies":["basic"],"autocalibration_strings":[],"colors":false,"cmdline":"ffuf -w /Users/raphaelpang/code/elise/data/results/ffuf/241422ed-5e69-4bc8-8f2a-27912d82750b.txt -t 25 -mc 200,302,400,401,403,404,500 -timeout 30 -ac -json -o /Users/raphaelpang/code/elise/data/results/ffuf/ffuf_1756895719529.json -u http://testfire.net/search.aspx?q=FUZZ","configfile":"","postdata":"","debuglog":"","delay":{"value":"0.00"},"dirsearch_compatibility":false,"encoders":[],"extensions":[],"fmode":"or","follow_redirects":false,"headers":{},"ignorebody":false,"ignore_wordlist_comments":false,"inputmode":"clusterbomb","cmd_inputnum":100,"inputproviders":[{"name":"wordlist","keyword":"FUZZ","value":"/Users/raphaelpang/code/elise/data/results/ffuf/241422ed-5e69-4bc8-8f2a-27912d82750b.txt","encoders":"","template":""}],"inputshell":"","json":true,"matchers":{"IsCalibrated":true,"Mutex":{},"Matchers":{"status":{"value":"200,302,400,401,403,404,500"}},"Filters":{"size":{"value":"6958"}},"PerDomainFilters":{}},"mmode":"or","maxtime":0,"maxtime_job":0,"method":"GET","noninteractive":false,"outputdirectory":"","outputfile":"/Users/raphaelpang/code/elise/data/results/ffuf/ffuf_1756895719529.json","outputformat":"json","OutputSkipEmptyFile":false,"proxyurl":"","quiet":false,"rate":0,"raw":false,"recursion":false,"recursion_depth":0,"recursion_strategy":"default","replayproxyurl":"","requestfile":"","requestproto":"https","scraperfile":"","scrapers":"all","sni":"","stop_403":false,"stop_all":false,"stop_errors":false,"threads":25,"timeout":30,"url":"http://testfire.net/search.aspx?q=FUZZ","verbose":false,"wordlists":["/Users/raphaelpang/code/elise/data/results/ffuf/241422ed-5e69-4bc8-8f2a-27912d82750b.txt"],"http2":false,"client-cert":"","client-key":""}}