{
  "family": "redirect",
  "samples_train": 1458,
  "queries_train": 162,
  "samples_val": 369,
  "queries_val": 41,
  "metrics": {
    "NDCG@3": 1.0,
    "Hit@1": 1.0,
    "Hit@3": 1.0,
    "Hit@5": 1.0,
    "queries": 41
  },
  "reliability_bins": [
    {
      "bin": 0,
      "p_mean": 0.03240948628036435,
      "emp_rate": 0.573170731707317,
      "count": 246
    },
    {
      "bin": 1,
      "p_mean": 0.18833895890248323,
      "emp_rate": 1.0,
      "count": 26
    },
    {
      "bin": 2,
      "p_mean": 0.25805490866636044,
      "emp_rate": 1.0,
      "count": 37
    },
    {
      "bin": 3,
      "p_mean": 0.30970703038184116,
      "emp_rate": 1.0,
      "count": 60
    },
    {
      "bin": 4,
      "p_mean": 0.45,
      "emp_rate": 0.0,
      "count": 0
    },
    {
      "bin": 5,
      "p_mean": 0.55,
      "emp_rate": 0.0,
      "count": 0
    },
    {
      "bin": 6,
      "p_mean": 0.6500000000000001,
      "emp_rate": 0.0,
      "count": 0
    },
    {
      "bin": 7,
      "p_mean": 0.75,
      "emp_rate": 0.0,
      "count": 0
    },
    {
      "bin": 8,
      "p_mean": 0.8500000000000001,
      "emp_rate": 0.0,
      "count": 0
    },
    {
      "bin": 9,
      "p_mean": 0.95,
      "emp_rate": 0.0,
      "count": 0
    }
  ],
  "feature_dim_note": "Each row = endpoint_vec + payload_desc(20). Endpoint vec from FeatureExtractor.extract_endpoint_features(...).",
  "objective": "rank:pairwise",
  "min_group_train": 9,
  "params": {
    "n_estimators": 300,
    "max_depth": 6,
    "learning_rate": 0.1,
    "val_ratio": 0.2,
    "n_jobs": 8,
    "random_state": 42
  },
  "versions": {
    "python": "3.12.1",
    "numpy": "2.3.2"
  }
}