{
  "summaries": {
    "sqli": {
      "family": "sqli",
      "samples_train": 2580,
      "queries_train": 215,
      "samples_val": 648,
      "queries_val": 54,
      "metrics": {
        "NDCG@3": 0.3610508291855819,
        "Hit@1": 0.46296296296296297,
        "Hit@3": 0.9444444444444444,
        "Hit@5": 1.0,
        "queries": 54
      },
      "reliability_bins": [
        {
          "bin": 0,
          "p_mean": 0.040617169973305285,
          "emp_rate": 0.3509127789046653,
          "count": 493
        },
        {
          "bin": 1,
          "p_mean": 0.1334008629470063,
          "emp_rate": 0.5063291139240507,
          "count": 79
        },
        {
          "bin": 2,
          "p_mean": 0.24621051063581173,
          "emp_rate": 0.5945945945945946,
          "count": 37
        },
        {
          "bin": 3,
          "p_mean": 0.3589488532297511,
          "emp_rate": 0.6176470588235294,
          "count": 34
        },
        {
          "bin": 4,
          "p_mean": 0.42460342540208484,
          "emp_rate": 0.4,
          "count": 5
        },
        {
          "bin": 5,
          "p_mean": 0.55,
          "emp_rate": 0.0,
          "count": 0
        },
        {
          "bin": 6,
          "p_mean": 0.6500000000000001,
          "emp_rate": 0.0,
          "count": 0
        },
        {
          "bin": 7,
          "p_mean": 0.75,
          "emp_rate": 0.0,
          "count": 0
        },
        {
          "bin": 8,
          "p_mean": 0.8500000000000001,
          "emp_rate": 0.0,
          "count": 0
        },
        {
          "bin": 9,
          "p_mean": 0.95,
          "emp_rate": 0.0,
          "count": 0
        }
      ],
      "feature_dim_note": "Each row = endpoint_vec + payload_desc(20). Endpoint vec from FeatureExtractor.extract_endpoint_features(...).",
      "objective": "rank:pairwise",
      "min_group_train": 12,
      "params": {
        "n_estimators": 300,
        "max_depth": 6,
        "learning_rate": 0.1,
        "val_ratio": 0.2,
        "n_jobs": 8,
        "random_state": 42
      },
      "versions": {
        "python": "3.12.1",
        "numpy": "2.3.2"
      }
    },
    "xss": {
      "family": "xss",
      "samples_train": 2508,
      "queries_train": 209,
      "samples_val": 624,
      "queries_val": 52,
      "metrics": {
        "NDCG@3": 0.5414697354232229,
        "Hit@1": 0.8461538461538461,
        "Hit@3": 1.0,
        "Hit@5": 1.0,
        "queries": 52
      },
      "reliability_bins": [
        {
          "bin": 0,
          "p_mean": 0.06562453412795714,
          "emp_rate": 0.6132478632478633,
          "count": 468
        },
        {
          "bin": 1,
          "p_mean": 0.13048878859101634,
          "emp_rate": 0.7465753424657534,
          "count": 146
        },
        {
          "bin": 2,
          "p_mean": 0.2236354893827675,
          "emp_rate": 1.0,
          "count": 10
        },
        {
          "bin": 3,
          "p_mean": 0.35000000000000003,
          "emp_rate": 0.0,
          "count": 0
        },
        {
          "bin": 4,
          "p_mean": 0.45,
          "emp_rate": 0.0,
          "count": 0
        },
        {
          "bin": 5,
          "p_mean": 0.55,
          "emp_rate": 0.0,
          "count": 0
        },
        {
          "bin": 6,
          "p_mean": 0.6500000000000001,
          "emp_rate": 0.0,
          "count": 0
        },
        {
          "bin": 7,
          "p_mean": 0.75,
          "emp_rate": 0.0,
          "count": 0
        },
        {
          "bin": 8,
          "p_mean": 0.8500000000000001,
          "emp_rate": 0.0,
          "count": 0
        },
        {
          "bin": 9,
          "p_mean": 0.95,
          "emp_rate": 0.0,
          "count": 0
        }
      ],
      "feature_dim_note": "Each row = endpoint_vec + payload_desc(20). Endpoint vec from FeatureExtractor.extract_endpoint_features(...).",
      "objective": "rank:pairwise",
      "min_group_train": 12,
      "params": {
        "n_estimators": 300,
        "max_depth": 6,
        "learning_rate": 0.1,
        "val_ratio": 0.2,
        "n_jobs": 8,
        "random_state": 42
      },
      "versions": {
        "python": "3.12.1",
        "numpy": "2.3.2"
      }
    },
    "redirect": {
      "family": "redirect",
      "samples_train": 1458,
      "queries_train": 162,
      "samples_val": 369,
      "queries_val": 41,
      "metrics": {
        "NDCG@3": 1.0,
        "Hit@1": 1.0,
        "Hit@3": 1.0,
        "Hit@5": 1.0,
        "queries": 41
      },
      "reliability_bins": [
        {
          "bin": 0,
          "p_mean": 0.03240948628036435,
          "emp_rate": 0.573170731707317,
          "count": 246
        },
        {
          "bin": 1,
          "p_mean": 0.18833895890248323,
          "emp_rate": 1.0,
          "count": 26
        },
        {
          "bin": 2,
          "p_mean": 0.25805490866636044,
          "emp_rate": 1.0,
          "count": 37
        },
        {
          "bin": 3,
          "p_mean": 0.30970703038184116,
          "emp_rate": 1.0,
          "count": 60
        },
        {
          "bin": 4,
          "p_mean": 0.45,
          "emp_rate": 0.0,
          "count": 0
        },
        {
          "bin": 5,
          "p_mean": 0.55,
          "emp_rate": 0.0,
          "count": 0
        },
        {
          "bin": 6,
          "p_mean": 0.6500000000000001,
          "emp_rate": 0.0,
          "count": 0
        },
        {
          "bin": 7,
          "p_mean": 0.75,
          "emp_rate": 0.0,
          "count": 0
        },
        {
          "bin": 8,
          "p_mean": 0.8500000000000001,
          "emp_rate": 0.0,
          "count": 0
        },
        {
          "bin": 9,
          "p_mean": 0.95,
          "emp_rate": 0.0,
          "count": 0
        }
      ],
      "feature_dim_note": "Each row = endpoint_vec + payload_desc(20). Endpoint vec from FeatureExtractor.extract_endpoint_features(...).",
      "objective": "rank:pairwise",
      "min_group_train": 9,
      "params": {
        "n_estimators": 300,
        "max_depth": 6,
        "learning_rate": 0.1,
        "val_ratio": 0.2,
        "n_jobs": 8,
        "random_state": 42
      },
      "versions": {
        "python": "3.12.1",
        "numpy": "2.3.2"
      }
    }
  },
  "out_dir": "/Users/raphaelpang/code/elise/backend/modules/ml"
}