{
  "family": "xss",
  "samples_train": 2508,
  "queries_train": 209,
  "samples_val": 624,
  "queries_val": 52,
  "metrics": {
    "NDCG@3": 0.5414697354232229,
    "Hit@1": 0.8461538461538461,
    "Hit@3": 1.0,
    "Hit@5": 1.0,
    "queries": 52
  },
  "reliability_bins": [
    {
      "bin": 0,
      "p_mean": 0.06562453412795714,
      "emp_rate": 0.6132478632478633,
      "count": 468
    },
    {
      "bin": 1,
      "p_mean": 0.13048878859101634,
      "emp_rate": 0.7465753424657534,
      "count": 146
    },
    {
      "bin": 2,
      "p_mean": 0.2236354893827675,
      "emp_rate": 1.0,
      "count": 10
    },
    {
      "bin": 3,
      "p_mean": 0.35000000000000003,
      "emp_rate": 0.0,
      "count": 0
    },
    {
      "bin": 4,
      "p_mean": 0.45,
      "emp_rate": 0.0,
      "count": 0
    },
    {
      "bin": 5,
      "p_mean": 0.55,
      "emp_rate": 0.0,
      "count": 0
    },
    {
      "bin": 6,
      "p_mean": 0.6500000000000001,
      "emp_rate": 0.0,
      "count": 0
    },
    {
      "bin": 7,
      "p_mean": 0.75,
      "emp_rate": 0.0,
      "count": 0
    },
    {
      "bin": 8,
      "p_mean": 0.8500000000000001,
      "emp_rate": 0.0,
      "count": 0
    },
    {
      "bin": 9,
      "p_mean": 0.95,
      "emp_rate": 0.0,
      "count": 0
    }
  ],
  "feature_dim_note": "Each row = endpoint_vec + payload_desc(20). Endpoint vec from FeatureExtractor.extract_endpoint_features(...).",
  "objective": "rank:pairwise",
  "min_group_train": 12,
  "params": {
    "n_estimators": 300,
    "max_depth": 6,
    "learning_rate": 0.1,
    "val_ratio": 0.2,
    "n_jobs": 8,
    "random_state": 42
  },
  "versions": {
    "python": "3.12.1",
    "numpy": "2.3.2"
  }
}