{
  "family": "sqli",
  "samples_train": 2580,
  "queries_train": 215,
  "samples_val": 648,
  "queries_val": 54,
  "metrics": {
    "NDCG@3": 0.3610508291855819,
    "Hit@1": 0.46296296296296297,
    "Hit@3": 0.9444444444444444,
    "Hit@5": 1.0,
    "queries": 54
  },
  "reliability_bins": [
    {
      "bin": 0,
      "p_mean": 0.040617169973305285,
      "emp_rate": 0.3509127789046653,
      "count": 493
    },
    {
      "bin": 1,
      "p_mean": 0.1334008629470063,
      "emp_rate": 0.5063291139240507,
      "count": 79
    },
    {
      "bin": 2,
      "p_mean": 0.24621051063581173,
      "emp_rate": 0.5945945945945946,
      "count": 37
    },
    {
      "bin": 3,
      "p_mean": 0.3589488532297511,
      "emp_rate": 0.6176470588235294,
      "count": 34
    },
    {
      "bin": 4,
      "p_mean": 0.42460342540208484,
      "emp_rate": 0.4,
      "count": 5
    },
    {
      "bin": 5,
      "p_mean": 0.55,
      "emp_rate": 0.0,
      "count": 0
    },
    {
      "bin": 6,
      "p_mean": 0.6500000000000001,
      "emp_rate": 0.0,
      "count": 0
    },
    {
      "bin": 7,
      "p_mean": 0.75,
      "emp_rate": 0.0,
      "count": 0
    },
    {
      "bin": 8,
      "p_mean": 0.8500000000000001,
      "emp_rate": 0.0,
      "count": 0
    },
    {
      "bin": 9,
      "p_mean": 0.95,
      "emp_rate": 0.0,
      "count": 0
    }
  ],
  "feature_dim_note": "Each row = endpoint_vec + payload_desc(20). Endpoint vec from FeatureExtractor.extract_endpoint_features(...).",
  "objective": "rank:pairwise",
  "min_group_train": 12,
  "params": {
    "n_estimators": 300,
    "max_depth": 6,
    "learning_rate": 0.1,
    "val_ratio": 0.2,
    "n_jobs": 8,
    "random_state": 42
  },
  "versions": {
    "python": "3.12.1",
    "numpy": "2.3.2"
  }
}